{
    "logreg": {
        "val": {
            "precision": 0.061241610738255035,
            "recall": 0.9240506329113924,
            "f1": 0.11487018095987411,
            "roc_auc": 0.9884640107298586,
            "pr_auc": 0.6913649864437201
        },
        "test": {
            "precision": 0.059147180192572216,
            "recall": 0.8775510204081632,
            "f1": 0.11082474226804123,
            "roc_auc": 0.975443377970209,
            "pr_auc": 0.7260012305359134
        }
    },
    "randomforest": {
        "val": {
            "precision": 0.9384615384615385,
            "recall": 0.7721518987341772,
            "f1": 0.8472222222222222,
            "roc_auc": 0.9599372236490981,
            "pr_auc": 0.828186323362704
        },
        "test": {
            "precision": 0.9605263157894737,
            "recall": 0.7448979591836735,
            "f1": 0.8390804597701149,
            "roc_auc": 0.9412817585531681,
            "pr_auc": 0.8259069665825516
        }
    }
}