model,pr_auc,roc_auc,recall,f1,total_cost
LogisticRegression,0.726001,,0.877551,0.110825,128400
RandomForest,0.825907,,0.744898,0.83908,125150
XGBoost_best_threshold,0.849873,,0.857143,0.763636,71900
StackedEnsemble_FINAL,0.7580174038987151,0.9538732048109058,0.8367346938775511,0.7522935779816514,81900
