{
  "meta_features": [
    "xgb_oof_proba",
    "anomaly_score",
    "ae_recon_error",
    "amount_log",
    "merchant_freq",
    "account_txn_count",
    "last_5_mean_amount"
  ],
  "meta_model": "logistic_regression",
  "cv_metrics": {
    "pr_auc_mean": 0.811354,
    "pr_auc_std": 0.043125,
    "recall_mean": 0.898572,
    "f1_mean": 0.26833
  },
  "test_metrics": {
    "precision": 0.27960526315789475,
    "recall": 0.8673469387755102,
    "f1": 0.4228855721393035,
    "roc_auc": 0.9557296751002032,
    "pr_auc": 0.7642297500480107,
    "tp": 85,
    "fp": 219,
    "fn": 13,
    "tn": 56645,
    "total_cost": 75950
  },
  "final_threshold": 0.41000000000000003,
  "cost_assumptions": {
    "fn": 5000,
    "fp": 50
  }
}