{
  "meta_features": [
    "xgb_oof_proba",
    "anomaly_score",
    "ae_recon_error",
    "cluster_id",
    "amount_log",
    "merchant_freq",
    "account_txn_count",
    "last_5_mean_amount"
  ],
  "meta_model": "logistic_regression",
  "cv_metrics": {
    "pr_auc_mean": 0.811354,
    "pr_auc_std": 0.043125,
    "recall_mean": 0.898572,
    "f1_mean": 0.26833
  },
  "test_metrics": {
    "precision": 0.2982456140350877,
    "recall": 0.8673469387755102,
    "f1": 0.44386422976501305,
    "roc_auc": 0.9537692151987414,
    "pr_auc": 0.7666207874229506,
    "tp": 85,
    "fp": 200,
    "fn": 13,
    "tn": 56664,
    "total_cost": 75000
  },
  "final_threshold": 0.67,
  "cost_assumptions": {
    "fn": 5000,
    "fp": 50
  }
}