{
  "meta_features": [
    "xgb_oof_proba",
    "anomaly_score",
    "ae_recon_error",
    "cluster_id",
    "amount_log",
    "merchant_freq",
    "account_txn_count",
    "last_5_mean_amount"
  ],
  "meta_model": "logistic_regression",
  "cv_metrics": {
    "pr_auc_mean": 0.811354,
    "pr_auc_std": 0.043125,
    "recall_mean": 0.898572,
    "f1_mean": 0.26833
  },
  "test_metrics": {
    "precision": 0.6833333333333333,
    "recall": 0.8367346938775511,
    "f1": 0.7522935779816514,
    "roc_auc": 0.9538732048109058,
    "pr_auc": 0.7580174038987151,
    "tp": 82,
    "fp": 38,
    "fn": 16,
    "tn": 56826,
    "total_cost": 81900
  },
  "final_threshold": 0.98,
  "cost_assumptions": {
    "fn": 5000,
    "fp": 50
  }
}