{
    "xgboost": {
        "cv": {
            "best_params": {
                "max_depth": 7,
                "learning_rate": 0.1,
                "subsample": 0.7,
                "colsample_bytree": 0.7,
                "scale_pos_weight": 1.0,
                "objective": "binary:logistic"
            },
            "mean_pr_auc": 0.8451791848305662,
            "mean_roc_auc": 0.9837764783775421
        },
        "default_threshold": {
            "val": {
                "precision": 0.9420289855072463,
                "recall": 0.8227848101265823,
                "f1": 0.8783783783783784,
                "roc_auc": 0.9952773039560789,
                "pr_auc": 0.8488880638046502
            },
            "test": {
                "precision": 0.9518072289156626,
                "recall": 0.8061224489795918,
                "f1": 0.8729281767955801,
                "roc_auc": 0.9772007037198672,
                "pr_auc": 0.8498730426966837
            }
        },
        "tuned_threshold": {
            "threshold": 0.01,
            "val": {
                "threshold": 0.01,
                "precision": 0.6796116504854369,
                "recall": 0.8860759493670886,
                "f1": 0.7692307692307693,
                "tp": 70.0,
                "fp": 33.0,
                "tn": 45457.0,
                "fn": 9.0,
                "cost": 45050.0
            },
            "test": {
                "threshold": 0.01,
                "precision": 0.6885245901639344,
                "recall": 0.8571428571428571,
                "f1": 0.7636363636363637,
                "roc_auc": 0.9772007037198672,
                "pr_auc": 0.8498730426966837,
                "tp": 84.0,
                "fp": 38.0,
                "tn": 56826.0,
                "fn": 14.0,
                "cost": 71900.0
            },
            "fn_cost": 5000,
            "fp_cost": 50
        }
    }
}